id,name,dateOfBirth,role,battingStyle,bowlingStyle,country,playerImg,team
"B9701B53-3B9E-4EDA-93B1-3543809674D4","Vicky Ostwal","2002-09-01T00:00:00","Bowler","Right Handed Bat","Left-arm orthodox","India","https://h.cricapi.com/img/players/b9701b53-3b9e-4eda-93b1-3543809674d4.jpg","Royal Challengers Bengaluru"
"3F3ECF51-8411-4046-9477-18C0FE3DA6AC","Bhuvneshwar Kumar","1990-02-05T00:00:00","Bowler","Right Handed Bat","Right-arm fast-medium","India","https://h.cricapi.com/img/players/3f3ecf51-8411-4046-9477-18c0fe3da6ac.jpg","Royal Challengers Bengaluru"
"C61D247D-7F77-452C-B495-2813A9CD0AC4","Virat Kohli","1988-11-05T00:00:00","Batsman","Right Handed Bat","Right-arm medium","India","https://h.cricapi.com/img/players/c61d247d-7f77-452c-b495-2813a9cd0ac4.jpg","Royal Challengers Bengaluru"
"E5932C98-5C2A-4ADE-8238-3B6382B18EF3","Vihaan Malhotra","2007-01-01T00:00:00","Batsman","Left Handed Bat","Right-arm offbreak","India","https://h.cricapi.com/img/icon512.png","Royal Challengers Bengaluru"
"7FD4FA20-BC49-4337-AE8A-540B67CB011D","Romario Shepherd","1994-11-26T00:00:00","Bowling Allrounder","Right Handed Bat","Right-arm fast-medium","West Indies","https://h.cricapi.com/img/players/7fd4fa20-bc49-4337-ae8a-540b67cb011d.jpg","Royal Challengers Bengaluru"
"D8B0E01B-B754-432B-80A4-551E8C7EC8CA","Jacob Bethell","2003-10-23T00:00:00","Batting Allrounder","Left Handed Bat","Left-arm orthodox","England","https://h.cricapi.com/img/icon512.png","Royal Challengers Bengaluru"
"F061B5FC-CD70-480C-86AA-45C7828E739C","Yash Dayal","1997-12-13T00:00:00","Bowler","Right Handed Bat","Left-arm fast-medium","India","https://h.cricapi.com/img/icon512.png","Royal Challengers Bengaluru"
"40ED69DA-5D26-45EB-B9F8-72140B81B51A","Jordan Cox","2000-10-21T00:00:00","WK-Batsman","Right Handed Bat","","England","https://h.cricapi.com/img/icon512.png","Royal Challengers Bengaluru"
"88215EE9-CA67-48AF-A3F0-6B38718BD830","Rajat Patidar","1993-06-01T00:00:00","Batsman","Right Handed Bat","Right-arm offbreak","India","https://h.cricapi.com/img/icon512.png","Royal Challengers Bengaluru"
"69718248-2A3A-45D4-9A2A-6F4DFC6942A5","Tim David","1996-03-16T00:00:00","Batsman","Right Handed Bat","Right-arm offbreak","Australia","https://h.cricapi.com/img/players/69718248-2a3a-45d4-9a2a-6f4dfc6942a5.jpg","Royal Challengers Bengaluru"
"2190C28D-1712-4FD2-AE44-9AC54319FC21","Josh Hazlewood","1991-01-08T00:00:00","Bowler","Left Handed Bat","Right-arm fast-medium","Australia","https://h.cricapi.com/img/players/2190c28d-1712-4fd2-ae44-9ac54319fc21.jpg","Royal Challengers Bengaluru"
"4C17AABA-7455-4E74-82AC-86E60D480999","Mangesh Yadav","2002-10-10T00:00:00","Bowling Allrounder","Left Handed Bat","Left-arm fast-medium","India","https://h.cricapi.com/img/icon512.png","Royal Challengers Bengaluru"
"3676CC16-9DDF-446F-A4F1-93DBBEF6E132","Satvik Deswal","","Bowling Allrounder","Left Handed Bat","Right-arm medium","India","https://h.cricapi.com/img/icon512.png","Royal Challengers Bengaluru"
"41F91A34-8989-4B88-96B9-9FBBE725776F","Swapnil Singh","1991-01-22T00:00:00","Bowling Allrounder","Right Handed Bat","Left-arm orthodox","India","https://h.cricapi.com/img/icon512.png","Royal Challengers Bengaluru"
"849877F5-7704-4CAD-B1BA-9E0B33AED35E","Abhinandan Singh","1997-03-30T00:00:00","Bowler","Right Handed Bat","Right-arm fast-medium","India","https://h.cricapi.com/img/icon512.png","Royal Challengers Bengaluru"
"C3236037-6694-404A-8F01-9AD880564EA9","Venkatesh Iyer","1994-12-25T00:00:00","Batting Allrounder","Left Handed Bat","Right-arm medium","India","https://h.cricapi.com/img/players/c3236037-6694-404a-8f01-9ad880564ea9.jpg","Royal Challengers Bengaluru"
"A1F7A1F3-F19C-43D2-BCD7-B4BAE22F5842","Rasikh Salam Dar","2000-04-05T00:00:00","Bowler","Right Handed Bat","Right-arm fast-medium","India","https://h.cricapi.com/img/icon512.png","Royal Challengers Bengaluru"
"74C6584A-45A5-4781-A5E7-C0C9340DA954","Devdutt Padikkal","2000-07-07T00:00:00","Batsman","Left Handed Bat","Right-arm offbreak","India","https://h.cricapi.com/img/players/74c6584a-45a5-4781-a5e7-c0c9340da954.jpg","Royal Challengers Bengaluru"
"6E05CBEA-6A4B-42EF-8E2E-B44E4B434C2F","Jacob Duffy","1994-08-02T00:00:00","Bowler","Right Handed Bat","Right-arm fast-medium","New Zealand","https://h.cricapi.com/img/players/6e05cbea-6a4b-42ef-8e2e-b44e4b434c2f.jpg","Royal Challengers Bengaluru"
"6DB25D60-FF96-4D8D-8D22-DEDEEB5FFA29","Philip Salt","1996-08-28T00:00:00","WK-Batsman","Right Handed Bat","Right-arm offbreak","England","https://h.cricapi.com/img/icon512.png","Royal Challengers Bengaluru"
"E28DE73B-F5DF-49EB-BDF6-C50471319404","Jitesh Sharma","1993-10-22T00:00:00","WK-Batsman","Right Handed Bat","","India","https://h.cricapi.com/img/players/e28de73b-f5df-49eb-bdf6-c50471319404.jpg","Royal Challengers Bengaluru"
"81C09C1B-1B1D-4E87-9EAA-D7D0A89A6159","Krunal Pandya","1991-03-24T00:00:00","Batting Allrounder","Left Handed Bat","Left-arm orthodox","India","https://h.cricapi.com/img/players/81c09c1b-1b1d-4e87-9eaa-d7d0a89a6159.jpg","Royal Challengers Bengaluru"
"2BF2258F-F35E-4831-884E-F88EF46968F5","Suyash Sharma","2003-05-15T00:00:00","Bowler","Right Handed Bat","Right-arm legbreak","India","https://h.cricapi.com/img/icon512.png","Royal Challengers Bengaluru"
"2DBBE6B1-B7A7-4609-810A-DF536C049EE0","Kanishk Chouhan","2006-09-26T00:00:00","Batsman","Right Handed Bat","Right-arm offbreak","India","https://h.cricapi.com/img/icon512.png","Royal Challengers Bengaluru"
"EB911B3B-10B3-40F8-9294-E63BA030AF83","Nuwan Thushara","1994-08-06T00:00:00","Bowler","Right Handed Bat","Right-arm fast-medium","Sri Lanka","https://h.cricapi.com/img/players/eb911b3b-10b3-40f8-9294-e63ba030af83.jpg","Royal Challengers Bengaluru"
"8F631EEA-FA55-4296-B7CB-4F51E8EE2C98","Praful Hinge","2002-01-18T00:00:00","Bowler","Right Handed Bat","Right-arm fast-medium","India","https://h.cricapi.com/img/icon512.png","Sunrisers Hyderabad"
"7D662361-8F12-4A52-9A4B-01E8734BD31D","Heinrich Klaasen","1991-07-30T00:00:00","WK-Batsman","Right Handed Bat","Right-arm offbreak","South Africa","https://h.cricapi.com/img/players/7d662361-8f12-4a52-9a4b-01e8734bd31d.jpg","Sunrisers Hyderabad"
"7AA19B4A-48EF-4D17-BEF7-1E71F7829CB5","Eshan Malinga","2001-02-04T00:00:00","Bowler","Left Handed Bat","Right-arm fast-medium","Sri Lanka","https://h.cricapi.com/img/icon512.png","Sunrisers Hyderabad"
"02247315-1E19-4E52-B800-5F39EFAF3839","Sakib Hussain","2004-12-14T00:00:00","Bowler","Right Handed Bat","Right-arm fast-medium","India","https://h.cricapi.com/img/icon512.png","Sunrisers Hyderabad"
"5BF98798-B2B0-47D2-B799-5307C0FD4936","Nitish Kumar Reddy","2003-05-26T00:00:00","Batting Allrounder","Right Handed Bat","Right-arm fast-medium","India","https://h.cricapi.com/img/icon512.png","Sunrisers Hyderabad"
"15BCCB4F-8C3C-4DA6-ACD9-551782278BFD","Harshal Patel","1990-11-23T00:00:00","Bowler","Right Handed Bat","Right-arm fast-medium","India","https://h.cricapi.com/img/players/15bccb4f-8c3c-4da6-acd9-551782278bfd.jpg","Sunrisers Hyderabad"
"6D751BE3-3023-43B9-8415-8259D19689FD","Jack Edwards","2000-04-19T00:00:00","Batsman","Right Handed Bat","Right-arm medium","Australia","https://h.cricapi.com/img/players/6d751be3-3023-43b9-8415-8259d19689fd.jpg","Sunrisers Hyderabad"
"196F622E-E1AE-4962-95B5-81324E26C5FE","Aniket Verma","2002-02-05T00:00:00","Batsman","Right Handed Bat","Right-arm medium","India","https://h.cricapi.com/img/icon512.png","Sunrisers Hyderabad"
"E3686FFA-FC7E-4CD0-AD49-7C355AB6691D","Smaran Ravichandran","2003-05-05T00:00:00","Batsman","Left Handed Bat","Right-arm offbreak","India","https://h.cricapi.com/img/icon512.png","Sunrisers Hyderabad"
"391537B8-1983-4080-8737-976C7E5BFAB7","Krains Fuletra","","Bowler","Right Handed Bat","","India","https://h.cricapi.com/img/icon512.png","Sunrisers Hyderabad"
"B4CC5506-212F-4D6B-825D-8EC89E1E084A","Kamindu Mendis","1998-09-30T00:00:00","Batting Allrounder","Left Handed Bat","Right-arm offbreak","Sri Lanka","https://h.cricapi.com/img/icon512.png","Sunrisers Hyderabad"
"80C68F84-9DDF-4F6D-9672-9B21D51FD44E","Shivang Kumar","2002-05-26T00:00:00","Batting Allrounder","Right Handed Bat","Left-arm orthodox","India","https://h.cricapi.com/img/icon512.png","Sunrisers Hyderabad"
"0CF24408-C280-406D-8D7A-A78B0C3964ED","Onkar Tarmale","","Bowler","Right Handed Bat","Right-arm fast-medium","India","https://h.cricapi.com/img/icon512.png","Sunrisers Hyderabad"
"83FE6AB6-D63C-420E-9416-A93D59A9A964","Abhishek Sharma","2000-09-04T00:00:00","Batting Allrounder","Left Handed Bat","Left-arm orthodox","India","https://h.cricapi.com/img/players/83fe6ab6-d63c-420e-9416-a93d59a9a964.jpg","Sunrisers Hyderabad"
"7CB23EF6-2CD5-4AEB-9047-A5054D220F98","David Payne","1991-02-15T00:00:00","Bowler","Right Handed Bat","Left-arm fast-medium","England","https://h.cricapi.com/img/players/7cb23ef6-2cd5-4aeb-9047-a5054d220f98.jpg","Sunrisers Hyderabad"
"6ED13677-5228-45CF-8CFB-C72C476F8FDB","Amit Kumar","","","","","India","https://h.cricapi.com/img/icon512.png","Sunrisers Hyderabad"
"13B3D56E-0FBA-4D31-A174-D211211404E2","Pat Cummins","1993-05-08T00:00:00","Bowler","Right Handed Bat","Right-arm fast","Australia","https://h.cricapi.com/img/players/13b3d56e-0fba-4d31-a174-d211211404e2.jpg","Sunrisers Hyderabad"
"F00CCDBA-6137-4852-A490-BA782044B866","Shivam Mavi","1998-11-26T00:00:00","Bowler","Right Handed Bat","Right-arm fast-medium","India","https://h.cricapi.com/img/players/f00ccdba-6137-4852-a490-ba782044b866.jpg","Sunrisers Hyderabad"
"80C06194-6B4E-44A3-978F-DDACB33A95BB","Salil Arora","2002-11-07T00:00:00","WK-Batsman","Right Handed Bat","","India","https://h.cricapi.com/img/icon512.png","Sunrisers Hyderabad"
"CC7C9A0B-B6AC-4109-84C8-DD9B1704308F","Harsh Dubey","2002-07-23T00:00:00","Bowling Allrounder","Left Handed Bat","Left-arm orthodox","India","https://h.cricapi.com/img/icon512.png","Sunrisers Hyderabad"
"D6720897-E81D-4703-BF33-D2B60C973D30","Travis Head","1993-12-29T00:00:00","Batsman","Left Handed Bat","Right-arm offbreak","Australia","https://h.cricapi.com/img/players/d6720897-e81d-4703-bf33-d2b60c973d30.jpg","Sunrisers Hyderabad"
"9AE68636-48D9-488F-8ADC-E62A19815D85","Ishan Kishan","1998-07-18T00:00:00","WK-Batsman","Left Handed Bat","","India","https://h.cricapi.com/img/players/9ae68636-48d9-488f-8adc-e62a19815d85.jpg","Sunrisers Hyderabad"
"F589D2A9-4E44-464D-9741-E224354A1370","Jaydev Unadkat","1991-10-18T00:00:00","Bowler","Right Handed Bat","Left-arm fast-medium","India","https://h.cricapi.com/img/players/f589d2a9-4e44-464d-9741-e224354a1370.jpg","Sunrisers Hyderabad"
"D50E7092-DC22-4854-84D3-E08CCBA038E9","Brydon Carse","1995-07-31T00:00:00","Bowler","Right Handed Bat","Right-arm fast","England","https://h.cricapi.com/img/icon512.png","Sunrisers Hyderabad"
"F183C67E-0B7C-44E5-8AB7-FE1E0BE672F3","Zeeshan Ansari","1999-12-16T00:00:00","Bowler","Right Handed Bat","Right-arm legbreak","India","https://h.cricapi.com/img/icon512.png","Sunrisers Hyderabad"
"D1C0A448-6EE6-473A-90A2-E6A486698A8A","Liam Livingstone","1993-08-04T00:00:00","Batting Allrounder","Right Handed Bat","Right-arm legbreak","England","https://h.cricapi.com/img/players/d1c0a448-6ee6-473a-90a2-e6a486698a8a.jpg","Sunrisers Hyderabad"
"08924D57-B4D3-4ED0-903D-087A8384BE12","Finn Allen","1999-04-22T00:00:00","Batsman","Right Handed Bat","","New Zealand","https://h.cricapi.com/img/players/08924d57-b4d3-4ed0-903d-087a8384be12.jpg","Kolkata Knight Riders"
"306F6B88-0442-476A-BE55-1500B3441051","Manish Pandey","1989-09-10T00:00:00","Batsman","Right Handed Bat","Right-arm medium","India","https://h.cricapi.com/img/players/306f6b88-0442-476a-be55-1500b3441051.jpg","Kolkata Knight Riders"
"702254AA-2764-4FE4-B28E-20336A0AB069","Varun Chakaravarthy","1991-08-29T00:00:00","Bowler","Right Handed Bat","Right-arm legbreak","India","https://h.cricapi.com/img/players/702254aa-2764-4fe4-b28e-20336a0ab069.jpg","Kolkata Knight Riders"
"50E38C9D-BF39-44B8-B5E6-0C9F36B8CBDF","Blessing Muzarabani","1996-10-02T00:00:00","Bowler","Right Handed Bat","Right-arm fast-medium","Zimbabwe","https://h.cricapi.com/img/players/50e38c9d-bf39-44b8-b5e6-0c9f36b8cbdf.jpg","Kolkata Knight Riders"
"B367DB88-A73E-445F-8CDD-3F6335617B07","Umran Malik","1999-11-22T00:00:00","Bowler","Right Handed Bat","Right-arm fast","India","https://h.cricapi.com/img/players/b367db88-a73e-445f-8cdd-3f6335617b07.jpg","Kolkata Knight Riders"
"225AE9EA-DBA6-456D-A64B-2DBD7476C8F0","Harshit Rana","2001-12-22T00:00:00","Bowler","Right Handed Bat","Right-arm fast-medium","India","https://h.cricapi.com/img/icon512.png","Kolkata Knight Riders"
"C8108A73-20EF-4BD6-A211-416B8F535693","Tejasvi Dahiya","2002-04-18T00:00:00","WK-Batsman","Right Handed Bat","Right-arm offbreak","India","https://h.cricapi.com/img/icon512.png","Kolkata Knight Riders"
"3C89DF94-F39C-4C51-8E64-441C73C32C78","Angkrish Raghuvanshi","2004-06-05T00:00:00","Batsman","Right Handed Bat","Right-arm offbreak","India","https://h.cricapi.com/img/icon512.png","Kolkata Knight Riders"
"82DE5824-B29B-4737-9E9D-44F5796EF227","Vaibhav Arora","1997-12-14T00:00:00","Bowler","Right Handed Bat","Right-arm fast-medium","India","https://h.cricapi.com/img/icon512.png","Kolkata Knight Riders"
"CDC2646C-1FE7-4BC2-B26E-42453F45A212","Ajinkya Rahane","1988-06-06T00:00:00","Batsman","Right Handed Bat","Right-arm medium","India","https://h.cricapi.com/img/players/cdc2646c-1fe7-4bc2-b26e-42453f45a212.jpg","Kolkata Knight Riders"
"11864F31-B766-4766-9CBC-5026015ACE48","Rinku Singh","1997-10-12T00:00:00","Batsman","Left Handed Bat","Right-arm offbreak","India","https://h.cricapi.com/img/players/11864f31-b766-4766-9cbc-5026015ace48.jpg","Kolkata Knight Riders"
"96B0AA6A-D886-4C50-A968-63E5EC31ED0D","Akash Deep","1996-12-15T00:00:00","Bowler","Right Handed Bat","Right-arm fast-medium","India","https://h.cricapi.com/img/icon512.png","Kolkata Knight Riders"
"EF2E9C01-41F2-4349-A945-45D8B11DBD19","Sunil Narine","1988-05-26T00:00:00","Bowling Allrounder","Left Handed Bat","Right-arm offbreak","West Indies","https://h.cricapi.com/img/players/ef2e9c01-41f2-4349-a945-45d8b11dbd19.jpg","Kolkata Knight Riders"
"FB313A9A-0A14-499D-A8D1-7561BCCEA8CB","Rahul Tripathi","1991-03-02T00:00:00","Batsman","Right Handed Bat","Right-arm medium","India","https://h.cricapi.com/img/players/fb313a9a-0a14-499d-a8d1-7561bccea8cb.jpg","Kolkata Knight Riders"
"3187D301-269D-4823-B895-66D652DDEFCA","Ramandeep Singh","1997-04-13T00:00:00","Batting Allrounder","Right Handed Bat","Right-arm medium","India","https://h.cricapi.com/img/icon512.png","Kolkata Knight Riders"
"ABE58090-E933-4888-8538-64F4611EE259","Cameron Green","1999-06-03T00:00:00","Batting Allrounder","Right Handed Bat","Right-arm fast-medium","Australia","https://h.cricapi.com/img/players/abe58090-e933-4888-8538-64f4611ee259.jpg","Kolkata Knight Riders"
"C699EC2B-A5F6-4EE0-A42D-79391B65B293","Rovman Powell","1993-07-23T00:00:00","Batsman","Right Handed Bat","Right-arm fast-medium","West Indies","https://h.cricapi.com/img/players/c699ec2b-a5f6-4ee0-a42d-79391b65b293.jpg","Kolkata Knight Riders"
"DF5AB4F7-7D1E-4A34-86BD-799020C283F7","Sarthak Ranjan","1996-09-25T00:00:00","Batsman","Right Handed Bat","Right-arm offbreak","India","https://h.cricapi.com/img/icon512.png","Kolkata Knight Riders"
"FF17824F-0E1C-4EB7-ACD3-8B5D116934BC","Kartik Tyagi","2000-11-08T00:00:00","Bowler","Right Handed Bat","Right-arm fast","India","https://h.cricapi.com/img/players/ff17824f-0e1c-4eb7-acd3-8b5d116934bc.jpg","Kolkata Knight Riders"
"9A87C7C6-18DE-403B-A7CE-90FB2C35EEDD","Daksh Kamra","","","","","India","https://h.cricapi.com/img/icon512.png","Kolkata Knight Riders"
"E6D28951-8524-43CA-95CF-9E73AE68BC12","Rachin Ravindra","1999-11-18T00:00:00","Batting Allrounder","Left Handed Bat","Left-arm orthodox","New Zealand","https://h.cricapi.com/img/players/e6d28951-8524-43ca-95cf-9e73ae68bc12.jpg","Kolkata Knight Riders"
"D59BFC6B-BF4C-4A23-AA82-954911B0973D","Matheesha Pathirana","2002-12-18T00:00:00","Bowler","Right Handed Bat","Right-arm fast","Sri Lanka","https://h.cricapi.com/img/icon512.png","Kolkata Knight Riders"
"5D15A50D-3D28-4576-B237-A0029D0933DA","Prashant Solanki","2000-02-22T00:00:00","Bowler","Right Handed Bat","Right-arm legbreak","India","https://h.cricapi.com/img/icon512.png","Kolkata Knight Riders"
"812FC568-A932-4F29-A1C4-B7C929E6A248","Tim Seifert","1994-12-14T00:00:00","WK-Batsman","Right Handed Bat","","New Zealand","https://h.cricapi.com/img/players/812fc568-a932-4f29-a1c4-b7c929e6a248.jpg","Kolkata Knight Riders"
"80193C8F-687D-47C3-A7E9-B098A83C7812","Navdeep Saini","1992-11-23T00:00:00","Bowler","Right Handed Bat","Right-arm fast","India","https://h.cricapi.com/img/players/80193c8f-687d-47c3-a7e9-b098a83c7812.jpg","Kolkata Knight Riders"
"FBDE22E3-60F9-4F4C-B26A-FAD73644CBEE","Saurabh Dubey","1998-01-23T00:00:00","Bowler","Right Handed Bat","Left-arm fast-medium","India","https://h.cricapi.com/img/icon512.png","Kolkata Knight Riders"
"2958FAF6-F7D1-4150-AA9E-E261A629BA0D","Anukul Roy","1998-11-30T00:00:00","Batting Allrounder","Left Handed Bat","Left-arm orthodox","India","https://h.cricapi.com/img/players/2958faf6-f7d1-4150-aa9e-e261a629ba0d.jpg","Kolkata Knight Riders"
"03BDA674-3916-4D64-952E-00A6C19C01E1","Rohit Sharma","1987-04-30T00:00:00","Batsman","Right Handed Bat","Right-arm offbreak","India","https://h.cricapi.com/img/players/03bda674-3916-4d64-952e-00a6c19c01e1.jpg","Mumbai Indians"
"C1257351-51CA-446F-B7F5-01FE92E75076","Shardul Thakur","1991-10-16T00:00:00","Bowling Allrounder","Right Handed Bat","Right-arm fast-medium","India","https://h.cricapi.com/img/players/c1257351-51ca-446f-b7f5-01fe92e75076.jpg","Mumbai Indians"
"209404F5-0D11-4118-A9D8-086BEDCFBA2F","Raghu Sharma","1993-03-11T00:00:00","Bowler","Right Handed Bat","","India","https://h.cricapi.com/img/icon512.png","Mumbai Indians"
"C510FBE6-8A16-47E4-AB60-0965720241AF","Will Jacks","1998-11-21T00:00:00","Batting Allrounder","Right Handed Bat","Right-arm offbreak","England","https://h.cricapi.com/img/icon512.png","Mumbai Indians"
"01966983-B69F-4523-9377-11B5C190715F","AM Ghazanfar","2006-03-20T00:00:00","Bowler","Right Handed Bat","Right-arm offbreak","Afghanistan","https://h.cricapi.com/img/icon512.png","Mumbai Indians"
"C06C697C-9575-4BB0-B1F0-27A56A2F3898","Mayank Markande","1997-11-11T00:00:00","Bowler","Right Handed Bat","Right-arm legbreak","India","https://h.cricapi.com/img/players/c06c697c-9575-4bb0-b1f0-27a56a2f3898.jpg","Mumbai Indians"
"6004FD3F-2264-470D-B39F-340D530B19B3","Trent Boult","1989-07-22T00:00:00","Bowler","Right Handed Bat","Left-arm fast-medium","New Zealand","https://h.cricapi.com/img/players/6004fd3f-2264-470d-b39f-340d530b19b3.jpg","Mumbai Indians"
"E899C36D-DD74-42F1-9C72-743FEA2E23CF","Mohammed Salahuddin Izhar","","","","","India","https://h.cricapi.com/img/icon512.png","Mumbai Indians"
"A6686871-5BCD-4AAE-8BFC-8298F878B6A9","Ryan Rickelton","1996-07-11T00:00:00","WK-Batsman","Left Handed Bat","","South Africa","https://h.cricapi.com/img/icon512.png","Mumbai Indians"
"AEFD9074-DA5A-408D-94F1-3BE0E79D3B82","Tilak Varma","2002-11-08T00:00:00","Batsman","Left Handed Bat","Right-arm offbreak","India","https://h.cricapi.com/img/players/aefd9074-da5a-408d-94f1-3be0e79d3b82.jpg","Mumbai Indians"
"C978CE48-495B-4773-89C9-8A64D0257896","Sherfane Rutherford","1998-08-15T00:00:00","Batting Allrounder","Left Handed Bat","Right-arm fast-medium","West Indies","https://h.cricapi.com/img/players/c978ce48-495b-4773-89c9-8a64d0257896.jpg","Mumbai Indians"
"B64CCF20-292A-4834-B3D7-9DE55187F44A","Raj Bawa","2002-11-12T00:00:00","Batting Allrounder","Left Handed Bat","Right-arm fast-medium","India","https://h.cricapi.com/img/players/b64ccf20-292a-4834-b3d7-9de55187f44a.jpg","Mumbai Indians"
"A90B2371-5C53-4C29-A382-9B52D40A7548","Hardik Pandya","1993-10-11T00:00:00","Batting Allrounder","Right Handed Bat","Right-arm fast-medium","India","https://h.cricapi.com/img/players/a90b2371-5c53-4c29-a382-9b52d40a7548.jpg","Mumbai Indians"
"0B4A79AD-EEAC-4C0F-9682-B20C10D677D1","Danish Malewar","2003-10-08T00:00:00","Bowling Allrounder","Right Handed Bat","Right-arm legbreak","India","https://h.cricapi.com/img/icon512.png","Mumbai Indians"
"000F9F7C-CC24-4A85-8638-B013B0F4760E","Quinton de Kock","1992-12-17T00:00:00","WK-Batsman","Left Handed Bat","","South Africa","https://h.cricapi.com/img/players/000f9f7c-cc24-4a85-8638-b013b0f4760e.jpg","Mumbai Indians"
"F1DEA685-FA68-4339-B582-BA70839E5CA9","Corbin Bosch","1994-09-10T00:00:00","Bowling Allrounder","Right Handed Bat","Right-arm fast-medium","South Africa","https://h.cricapi.com/img/players/f1dea685-fa68-4339-b582-ba70839e5ca9.jpg","Mumbai Indians"
"237A1EF2-1EAE-4877-8B94-D20D84FAF635","Deepak Chahar","1992-08-07T00:00:00","Bowler","Right Handed Bat","Right-arm fast-medium","India","https://h.cricapi.com/img/players/237a1ef2-1eae-4877-8b94-d20d84faf635.jpg","Mumbai Indians"
"C9361DBC-8A5B-48E0-A5AF-C727EC096EB5","Atharva Ankolekar","2000-09-26T00:00:00","Bowling Allrounder","Left Handed Bat","Left-arm orthodox","India","https://h.cricapi.com/img/icon512.png","Mumbai Indians"
"16EC245B-022D-4104-BD8F-CCC780428390","Mitchell Santner","1992-02-05T00:00:00","Bowling Allrounder","Left Handed Bat","Left-arm orthodox","New Zealand","https://h.cricapi.com/img/players/16ec245b-022d-4104-bd8f-ccc780428390.jpg","Mumbai Indians"
"71ADD5AC-55F9-4EB7-9E0C-D51208AE20C0","Naman Dhir","1999-12-31T00:00:00","Batsman","Right Handed Bat","Right-arm offbreak","India","https://h.cricapi.com/img/icon512.png","Mumbai Indians"
"21FFA053-B03D-4270-A49F-D3E2DB9DFDE7","Robin Minz","2002-09-13T00:00:00","WK-Batsman","Left Handed Bat","Right-arm offbreak","India","https://h.cricapi.com/img/icon512.png","Mumbai Indians"
"8C579447-BFBD-4CF6-A283-DB4DC1D5AC33","Suryakumar Yadav","1990-09-14T00:00:00","Batsman","Right Handed Bat","Right-arm offbreak","India","https://h.cricapi.com/img/players/8c579447-bfbd-4cf6-a283-db4dc1d5ac33.jpg","Mumbai Indians"
"3C0410D4-DD88-4964-A176-E43C5D622E58","Mayank Rawat","1999-12-04T00:00:00","Batting Allrounder","Right Handed Bat","Right-arm offbreak","India","https://h.cricapi.com/img/icon512.png","Mumbai Indians"
"AF485F9B-D446-41AB-A644-F1A69F0EB600","Ashwani Kumar","2001-08-29T00:00:00","Bowler","Left Handed Bat","Left-arm fast-medium","India","https://h.cricapi.com/img/icon512.png","Mumbai Indians"
"6602D875-CF56-46A3-866C-DE80AAA006BC","Jasprit Bumrah","1993-12-06T00:00:00","Bowler","Right Handed Bat","Right-arm fast","India","https://h.cricapi.com/img/players/6602d875-cf56-46a3-866c-de80aaa006bc.jpg","Mumbai Indians"
"D0D5F87D-78C3-4126-86A7-17EA315FDA67","Aman Khan","1996-11-23T00:00:00","Bowling Allrounder","Right Handed Bat","Right-arm fast-medium","India","https://h.cricapi.com/img/icon512.png","Chennai Super Kings"
"9D8BE8E7-4218-400F-919A-211415490575","Jamie Overton","1994-04-10T00:00:00","Bowling Allrounder","Right Handed Bat","Right-arm fast","England","https://h.cricapi.com/img/icon512.png","Chennai Super Kings"
"B65BE7FE-33CD-41D1-B601-31F25B4F72A4","Shreyas Gopal","1993-09-04T00:00:00","Bowler","Right Handed Bat","Right-arm legbreak","India","https://h.cricapi.com/img/players/b65be7fe-33cd-41d1-b601-31f25b4f72a4.jpg","Chennai Super Kings"
"C87A375E-2731-405D-A30E-3B99C06F614E","Zakary Foulkes","2002-06-05T00:00:00","Bowling Allrounder","Right Handed Bat","Right-arm medium","New Zealand","https://h.cricapi.com/img/icon512.png","Chennai Super Kings"
"7D053D4E-A735-4C96-BB98-4098DEE523DF","Akeal Hosein","1993-04-25T00:00:00","Bowler","Left Handed Bat","Left-arm orthodox","West Indies","https://h.cricapi.com/img/players/7d053d4e-a735-4c96-bb98-4098dee523df.jpg","Chennai Super Kings"
"C553C840-D84C-4A9F-A714-406FFE44F1E9","Gurjapneet Singh","1998-11-08T00:00:00","Bowler","Right Handed Bat","Left-arm fast-medium","India","https://h.cricapi.com/img/icon512.png","Chennai Super Kings"
"B55E1386-231C-4D40-9F6A-4D5A9512079C","Matthew Short","1995-11-08T00:00:00","Batsman","Right Handed Bat","Right-arm offbreak","Australia","https://h.cricapi.com/img/players/b55e1386-231c-4d40-9f6a-4d5a9512079c.jpg","Chennai Super Kings"
"B6E7AA41-B0BB-4B0F-8F59-59F729283BE5","MS Dhoni","1981-07-07T00:00:00","WK-Batsman","Right Handed Bat","Right-arm medium","India","https://h.cricapi.com/img/players/b6e7aa41-b0bb-4b0f-8f59-59f729283be5.jpg","Chennai Super Kings"
"FB46A43C-3DEB-489D-8641-5D1744DFBF81","Prashant Veer","2005-11-24T00:00:00","Bowler","Left Handed Bat","Left-arm orthodox","India","https://h.cricapi.com/img/icon512.png","Chennai Super Kings"
"DC2F7F59-CE15-48AA-B7D9-793314961076","Mukesh Choudhary","1996-07-06T00:00:00","Bowler","Left Handed Bat","Left-arm fast-medium","India","https://h.cricapi.com/img/icon512.png","Chennai Super Kings"
"CBE808DA-727A-4D9C-B3BE-6EB431217483","Anshul Kamboj","2000-12-06T00:00:00","Bowling Allrounder","Right Handed Bat","Right-arm fast-medium","India","https://h.cricapi.com/img/icon512.png","Chennai Super Kings"
"679F3D10-AC62-4F5B-89B2-7010935B9985","Ayush Mhatre","2007-07-16T00:00:00","Batsman","Right Handed Bat","Right-arm offbreak","India","https://h.cricapi.com/img/icon512.png","Chennai Super Kings"
"D774ADAF-78F0-4BF3-965E-8182C05B4517","Rahul Chahar","1999-08-04T00:00:00","Bowler","Right Handed Bat","Right-arm legbreak","India","https://h.cricapi.com/img/players/d774adaf-78f0-4bf3-965e-8182c05b4517.jpg","Chennai Super Kings"
"EC1B806B-DE33-4B79-B3BA-8A5AD78DF163","Sarfaraz Khan","1997-10-22T00:00:00","Batsman","Right Handed Bat","Right-arm legbreak","India","https://h.cricapi.com/img/players/ec1b806b-de33-4b79-b3ba-8a5ad78df163.jpg","Chennai Super Kings"
"36E929D1-32F1-4D41-96C2-7DF1364D0BAB","Matt Henry","1991-12-14T00:00:00","Bowler","Right Handed Bat","Right-arm fast-medium","New Zealand","https://h.cricapi.com/img/players/36e929d1-32f1-4d41-96c2-7df1364d0bab.jpg","Chennai Super Kings"
"14A56D48-499A-4B03-AA0F-BD3F592E9D94","Dewald Brevis","2003-04-29T00:00:00","Batsman","Right Handed Bat","Right-arm legbreak","South Africa","https://h.cricapi.com/img/players/14a56d48-499a-4b03-aa0f-bd3f592e9d94.jpg","Chennai Super Kings"
"50B70C71-1535-41C0-87FD-C12883105EDE","Ruturaj Gaikwad","1997-01-31T00:00:00","Batsman","Right Handed Bat","Right-arm offbreak","India","https://h.cricapi.com/img/players/50b70c71-1535-41c0-87fd-c12883105ede.jpg","Chennai Super Kings"
"0284AF4F-D4EB-4894-BACC-A468C1020951","Spencer Johnson","1995-12-16T00:00:00","Bowler","Left Handed Bat","Left-arm fast","Australia","https://h.cricapi.com/img/icon512.png","Chennai Super Kings"
"34AE4DDE-3EC7-48A7-A2C1-D4E55122FF68","Urvil Patel","1998-10-17T00:00:00","WK-Batsman","Right Handed Bat","","India","https://h.cricapi.com/img/icon512.png","Chennai Super Kings"
"3CBC5A08-62AF-4CA5-B709-C7712DB6E8B6","Noor Ahmad","2005-01-03T00:00:00","Bowler","Right Handed Bat","Left-arm wrist-spin","Afghanistan","https://h.cricapi.com/img/players/3cbc5a08-62af-4ca5-b709-c7712db6e8b6.jpg","Chennai Super Kings"
"22EE45D8-0538-4E3E-A758-C515F9B86D11","Shivam Dube","1993-06-26T00:00:00","Batting Allrounder","Left Handed Bat","Right-arm medium","India","https://h.cricapi.com/img/players/22ee45d8-0538-4e3e-a758-c515f9b86d11.jpg","Chennai Super Kings"
"8DF6183B-1C95-46D2-85C0-E185792D03F1","Khaleel Ahmed","1997-12-05T00:00:00","Bowler","Right Handed Bat","Left-arm fast-medium","India","https://h.cricapi.com/img/players/8df6183b-1c95-46d2-85c0-e185792d03f1.jpg","Chennai Super Kings"
"35ED1B20-38F3-4013-BE2E-DC28FFBECFD6","Sanju Samson","1994-11-11T00:00:00","WK-Batsman","Right Handed Bat","","India","https://h.cricapi.com/img/players/35ed1b20-38f3-4013-be2e-dc28ffbecfd6.jpg","Chennai Super Kings"
"F63EB69E-F17E-4D88-BF2B-D91AF645C52C","Ramakrishna Ghosh","1997-08-28T00:00:00","Batting Allrounder","Right Handed Bat","Right-arm fast-medium","India","https://h.cricapi.com/img/icon512.png","Chennai Super Kings"
"A9897A50-1497-4912-8899-E67898F87F82","Kartik Sharma","2006-04-26T00:00:00","WK-Batsman","Right Handed Bat","Right-arm offbreak","India","https://h.cricapi.com/img/icon512.png","Chennai Super Kings"
"6731DB45-8132-49C6-8FCB-F59258D15082","Nathan Ellis","1994-09-22T00:00:00","Bowler","Right Handed Bat","Right-arm fast-medium","Australia","https://h.cricapi.com/img/players/6731db45-8132-49c6-8fcb-f59258d15082.jpg","Chennai Super Kings"
"81B446E1-BFEA-45A7-A15E-062B8157A323","Ravindra Jadeja","1988-12-06T00:00:00","Bowling Allrounder","Left Handed Bat","Left-arm orthodox","India","https://h.cricapi.com/img/players/81b446e1-bfea-45a7-a15e-062b8157a323.jpg","Rajasthan Royals"
"3545D689-5166-440E-9EAF-1409E554A547","Nandre Burger","1995-08-11T00:00:00","Bowler","Left Handed Bat","Left-arm fast-medium","South Africa","https://h.cricapi.com/img/icon512.png","Rajasthan Royals"
"CDACD831-24FC-4AA3-94C5-0882BFAEC018","Yash Raj Punja","","--","Left Handed Bat","","India","https://h.cricapi.com/img/icon512.png","Rajasthan Royals"
"0F5502AA-40C8-43C6-A38F-1496000BD5B6","Vaibhav Sooryavanshi","2011-03-27T00:00:00","Batsman","Left Handed Bat","Left-arm orthodox","India","https://h.cricapi.com/img/icon512.png","Rajasthan Royals"
"9A71201C-C377-45AA-A355-1AF6D2C4BAE3","Ravi Bishnoi","2000-09-05T00:00:00","Bowler","Right Handed Bat","Right-arm legbreak","India","https://h.cricapi.com/img/players/9a71201c-c377-45aa-a355-1af6d2c4bae3.jpg","Rajasthan Royals"
"4269D64C-962D-4CD9-B2D2-1A62F51256B8","Shimron Hetmyer","1996-12-26T00:00:00","Batsman","Left Handed Bat","","West Indies","https://h.cricapi.com/img/players/4269d64c-962d-4cd9-b2d2-1a62f51256b8.jpg","Rajasthan Royals"
"9F2DB0CF-2B7A-4722-9134-211F612102B9","Dasun Shanaka","1991-09-09T00:00:00","Batting Allrounder","Right Handed Bat","Right-arm medium","Sri Lanka","https://h.cricapi.com/img/players/9f2db0cf-2b7a-4722-9134-211f612102b9.jpg","Rajasthan Royals"
"FD2EE2DD-5051-4CED-BAAC-4C5A14253C6F","Sushant Mishra","2000-12-23T00:00:00","Bowler","Left Handed Bat","Left-arm fast-medium","India","https://h.cricapi.com/img/icon512.png","Rajasthan Royals"
"F3876B65-0643-49DF-9255-4A06DD3FA051","Tushar Deshpande","1995-05-15T00:00:00","Bowler","Left Handed Bat","Right-arm fast-medium","India","https://h.cricapi.com/img/players/f3876b65-0643-49df-9255-4a06dd3fa051.jpg","Rajasthan Royals"
"C6442879-0071-438A-A48E-4EB9C549EC13","Shubham Dubey","1994-08-27T00:00:00","Batsman","Left Handed Bat","Right-arm offbreak","India","https://h.cricapi.com/img/icon512.png","Rajasthan Royals"
"CC8D32C8-98B5-4DD5-8DDA-64F2321EAA97","Aman Rao Perala","","","","","India","https://h.cricapi.com/img/icon512.png","Rajasthan Royals"
"19758CD7-4CCE-47D8-B1FE-5975609DE802","Jofra Archer","1995-04-01T00:00:00","Bowler","Right Handed Bat","Right-arm fast","England","https://h.cricapi.com/img/players/19758cd7-4cce-47d8-b1fe-5975609de802.jpg","Rajasthan Royals"
"B51BB4E5-ACDF-423B-ABB3-7A1E6694D2C2","Riyan Parag","2001-11-10T00:00:00","Batting Allrounder","Right Handed Bat","Right-arm legbreak","India","https://h.cricapi.com/img/players/b51bb4e5-acdf-423b-abb3-7a1e6694d2c2.jpg","Rajasthan Royals"
"A0093DF7-878E-43B7-A073-8DB294D9760C","Brijesh Sharma","","","","","India","https://h.cricapi.com/img/icon512.png","Rajasthan Royals"
"A254FEED-0D7C-4F04-A2AB-7BF9CEEF156B","Yashasvi Jaiswal","2001-12-28T00:00:00","Batsman","Left Handed Bat","Right-arm legbreak","India","https://h.cricapi.com/img/players/a254feed-0d7c-4f04-a2ab-7bf9ceef156b.jpg","Rajasthan Royals"
"21D693C2-B4DD-4D24-B747-90DFC8357EF5","Dhruv Jurel","2001-01-21T00:00:00","WK-Batsman","Right Handed Bat","","India","https://h.cricapi.com/img/players/21d693c2-b4dd-4d24-b747-90dfc8357ef5.jpg","Rajasthan Royals"
"6346E651-446E-4233-90A2-AE651CBCD75A","Lhuan-dre Pretorius","2006-03-27T00:00:00","WK-Batsman","Left Handed Bat","","South Africa","https://h.cricapi.com/img/icon512.png","Rajasthan Royals"
"B43C2877-2CB4-41F5-951D-BC006EB4F6C0","Kuldeep Sen","1996-10-22T00:00:00","Bowler","Right Handed Bat","Right-arm fast","India","https://h.cricapi.com/img/icon512.png","Rajasthan Royals"
"3F18B02D-0E1A-49BE-AEC4-C2FC11503505","Sandeep Sharma","1993-05-18T00:00:00","Bowler","Right Handed Bat","Right-arm fast-medium","India","https://h.cricapi.com/img/players/3f18b02d-0e1a-49be-aec4-c2fc11503505.jpg","Rajasthan Royals"
"4C28BF05-BF2A-4A3E-BED4-C5BDF4FCD01B","Ravi Singh","2001-05-25T00:00:00","WK-Batsman","Left Handed Bat","Right-arm legbreak","India","https://h.cricapi.com/img/icon512.png","Rajasthan Royals"
"3F9CED2D-D71A-4478-93DB-D7260C7145EE","Donovan Ferreira","1998-07-21T00:00:00","WK-Batsman","Right Handed Bat","Right-arm offbreak","South Africa","https://h.cricapi.com/img/icon512.png","Rajasthan Royals"
"45613012-5C4F-4A7A-A1C4-D9827939B2BF","Sam Curran","1998-06-03T00:00:00","Bowling Allrounder","Left Handed Bat","Left-arm fast-medium","England","https://h.cricapi.com/img/players/45613012-5c4f-4a7a-a1c4-d9827939b2bf.jpg","Rajasthan Royals"
"F49539FC-C565-4779-83C1-DF3DFDAAE171","Adam Milne","1992-04-13T00:00:00","Bowler","Right Handed Bat","Right-arm fast","New Zealand","https://h.cricapi.com/img/players/f49539fc-c565-4779-83c1-df3dfdaae171.jpg","Rajasthan Royals"
"FA7D13CE-F737-4C8F-BF2C-E6F7B9968940","Kwena Maphaka","2006-04-08T00:00:00","Bowler","Left Handed Bat","Left-arm fast-medium","South Africa","https://h.cricapi.com/img/icon512.png","Rajasthan Royals"
"2518D07C-55EA-416D-99D8-E847CBA97EA2","Yudhvir Singh Charak","1997-09-13T00:00:00","Bowler","Right Handed Bat","Right-arm fast-medium","India","https://h.cricapi.com/img/icon512.png","Rajasthan Royals"
"0E2B638B-E356-41BF-B986-F0F0F84BAD38","Vignesh Puthur","2001-03-02T00:00:00","Bowler","Right Handed Bat","Left-arm wrist-spin","India","https://h.cricapi.com/img/icon512.png","Rajasthan Royals"
"3DF5944D-DCC5-41FD-AEC1-060B4C513536","Kulwant Khejroliya","1992-03-13T00:00:00","Bowler","Left Handed Bat","Left-arm fast-medium","India","https://h.cricapi.com/img/icon512.png","Gujarat Titans"
"A81DA20A-E420-476A-BAF6-204FC219DBDD","Kagiso Rabada","1995-05-25T00:00:00","Bowler","Left Handed Bat","Right-arm fast","South Africa","https://h.cricapi.com/img/players/a81da20a-e420-476a-baf6-204fc219dbdd.jpg","Gujarat Titans"
"BAD40656-82DA-4D9F-949A-37B7CBCD8303","Prithvi Raj Yarra","1998-02-20T00:00:00","Bowler","Left Handed Bat","Left-arm fast-medium","India","https://h.cricapi.com/img/icon512.png","Gujarat Titans"
"2A8D8640-2213-4CF6-AC7E-309D8B733E96","Mohammed Siraj","1994-03-13T00:00:00","Bowler","Right Handed Bat","Right-arm fast","India","https://h.cricapi.com/img/players/2a8d8640-2213-4cf6-ac7e-309d8b733e96.jpg","Gujarat Titans"
"085D49B0-D5E5-4FC5-955B-39758A134545","Rahul Tewatia","1993-05-20T00:00:00","Batting Allrounder","Left Handed Bat","Right-arm legbreak","India","https://h.cricapi.com/img/players/085d49b0-d5e5-4fc5-955b-39758a134545.jpg","Gujarat Titans"
"4B661541-36CF-4DBE-96F0-3D58F971A2A9","Ashok Sharma","2002-06-17T00:00:00","Bowler","Right Handed Bat","Right-arm fast-medium","India","https://h.cricapi.com/img/icon512.png","Gujarat Titans"
"48DA9A39-30D0-4B7D-9F61-44D221B653FA","Gurnoor Brar","2000-05-25T00:00:00","Bowler","Left Handed Bat","Right-arm fast","India","https://h.cricapi.com/img/icon512.png","Gujarat Titans"
"9FC99793-A5B5-4EB2-9F7B-48CC3DC3CF8D","Jayant Yadav","1990-01-22T00:00:00","Bowling Allrounder","Right Handed Bat","Right-arm offbreak","India","https://h.cricapi.com/img/players/9fc99793-a5b5-4eb2-9f7b-48cc3dc3cf8d.jpg","Gujarat Titans"
"F0687183-AD9A-44F7-9CBF-4F7EB0CBFB5A","Rashid Khan","1998-09-20T00:00:00","Bowling Allrounder","Right Handed Bat","Right-arm legbreak","Afghanistan","https://h.cricapi.com/img/players/f0687183-ad9a-44f7-9cbf-4f7eb0cbfb5a.jpg","Gujarat Titans"
"09CA2FCC-1A5A-4F35-80F4-4EF9BC2B2F64","Arshad Khan","1997-12-20T00:00:00","Bowling Allrounder","Left Handed Bat","Left-arm medium","India","https://h.cricapi.com/img/icon512.png","Gujarat Titans"
"9E6FA482-3AD3-4831-B05D-4FED2510CDF5","Glenn Phillips","1996-12-06T00:00:00","Batting Allrounder","Right Handed Bat","Right-arm offbreak","New Zealand","https://h.cricapi.com/img/players/9e6fa482-3ad3-4831-b05d-4fed2510cdf5.jpg","Gujarat Titans"
"7263E990-A9E9-4829-8ADF-760D18D1315C","Shubman Gill","1999-09-08T00:00:00","Batsman","Right Handed Bat","Right-arm offbreak","India","https://h.cricapi.com/img/players/7263e990-a9e9-4829-8adf-760d18d1315c.jpg","Gujarat Titans"
"0C3D24BB-A517-435F-8CC3-60E945327BB3","Ishant Sharma","1988-09-02T00:00:00","Bowler","Right Handed Bat","Right-arm fast-medium","India","https://h.cricapi.com/img/players/0c3d24bb-a517-435f-8cc3-60e945327bb3.jpg","Gujarat Titans"
"863FD5B5-B77F-4168-B514-79A88641C553","Anuj Rawat","1999-10-17T00:00:00","WK-Batsman","Left Handed Bat","","India","https://h.cricapi.com/img/players/863fd5b5-b77f-4168-b514-79a88641c553.jpg","Gujarat Titans"
"6364E591-1F4B-4FE6-867C-AE61EA21F6F0","Tom Banton","1998-11-11T00:00:00","WK-Batsman","Right Handed Bat","","England","https://h.cricapi.com/img/players/6364e591-1f4b-4fe6-867c-ae61ea21f6f0.jpg","Gujarat Titans"
"7D6BBD6C-C5BB-4E1C-9374-AAA829E77611","Ravisrinivasan Sai Kishore","1996-11-06T00:00:00","Bowling Allrounder","Left Handed Bat","Left-arm orthodox","India","https://h.cricapi.com/img/players/7d6bbd6c-c5bb-4e1c-9374-aaa829e77611.jpg","Gujarat Titans"
"79F582A1-F5AB-4D30-8F5F-B05D4143608C","Sai Sudharsan","2001-10-15T00:00:00","Batsman","Left Handed Bat","Right-arm legbreak","India","https://h.cricapi.com/img/icon512.png","Gujarat Titans"
"309D3FFD-3D06-460D-9427-C559A604D471","Washington Sundar","1999-10-05T00:00:00","Bowling Allrounder","Left Handed Bat","Right-arm offbreak","India","https://h.cricapi.com/img/players/309d3ffd-3d06-460d-9427-c559a604d471.jpg","Gujarat Titans"
"8B30FC91-1C7D-4FC9-899C-C795614A42A9","Kumar Kushagra","2004-10-23T00:00:00","WK-Batsman","Right Handed Bat","","India","https://h.cricapi.com/img/icon512.png","Gujarat Titans"
"FE5F4F96-C207-4E3F-B0D5-CEBC74435448","Luke Wood","1995-08-02T00:00:00","Bowler","Left Handed Bat","Left-arm fast-medium","England","https://h.cricapi.com/img/players/fe5f4f96-c207-4e3f-b0d5-cebc74435448.jpg","Gujarat Titans"
"7567E305-1B40-4EEE-9290-E2FCB8804496","Jos Buttler","1990-09-08T00:00:00","WK-Batsman","Right Handed Bat","","England","https://h.cricapi.com/img/players/7567e305-1b40-4eee-9290-e2fcb8804496.jpg","Gujarat Titans"
"F8E6ACCD-6B73-4869-93A6-D45519A361F0","Jason Holder","1991-11-05T00:00:00","Bowling Allrounder","Right Handed Bat","Right-arm fast-medium","West Indies","https://h.cricapi.com/img/players/f8e6accd-6b73-4869-93a6-d45519a361f0.jpg","Gujarat Titans"
"99EB6B5C-379F-46DA-BAB7-DC8FD31BA435","Prasidh Krishna","1996-02-19T00:00:00","Bowler","Right Handed Bat","Right-arm fast","India","https://h.cricapi.com/img/players/99eb6b5c-379f-46da-bab7-dc8fd31ba435.jpg","Gujarat Titans"
"D0F69230-16E0-4A79-92AA-F9F7C588D5D3","Shahrukh Khan","1995-05-27T00:00:00","Batting Allrounder","Right Handed Bat","Right-arm offbreak","India","https://h.cricapi.com/img/players/d0f69230-16e0-4a79-92aa-f9f7c588d5d3.jpg","Gujarat Titans"
"3A51A030-8CAC-42C7-8A47-E32FD1BCEDD4","Nishant Sindhu","2004-04-09T00:00:00","Batting Allrounder","Left Handed Bat","Left-arm orthodox","India","https://h.cricapi.com/img/icon512.png","Gujarat Titans"
"C57237C9-A432-4ECE-A56B-EAC190B45919","Manav Suthar","2002-08-03T00:00:00","Bowler","Left Handed Bat","Left-arm orthodox","India","https://h.cricapi.com/img/icon512.png","Gujarat Titans"
"E08D06C3-C7EF-4F44-9152-07023EFB020C","Vishnu Vinod","1993-12-02T00:00:00","WK-Batsman","Right Handed Bat","","India","https://h.cricapi.com/img/icon512.png","Punjab Kings"
"607FF10C-5619-411D-A822-06BA28992230","Arshdeep Singh","1999-02-05T00:00:00","Bowler","Left Handed Bat","Left-arm fast-medium","India","https://h.cricapi.com/img/players/607ff10c-5619-411d-a822-06ba28992230.jpg","Punjab Kings"
"615B1DC1-8F64-4E26-90C4-04999321FD52","Cooper Connolly","2003-08-22T00:00:00","Batting Allrounder","Left Handed Bat","Left-arm orthodox","Australia","https://h.cricapi.com/img/icon512.png","Punjab Kings"
"D3C53885-7016-4228-8A20-1DD98214489D","Marco Jansen","2000-05-01T00:00:00","Bowling Allrounder","Right Handed Bat","Left-arm fast","South Africa","https://h.cricapi.com/img/players/d3c53885-7016-4228-8a20-1dd98214489d.jpg","Punjab Kings"
"9713A0A1-B885-4221-9812-23B0B73C6657","Nehal Wadhera","2000-09-04T00:00:00","Batsman","Left Handed Bat","Right-arm legbreak","India","https://h.cricapi.com/img/icon512.png","Punjab Kings"
"0D704A13-518A-40A7-BB93-0FC0D92AF9E2","Yuzvendra Chahal","1990-07-23T00:00:00","Bowler","Right Handed Bat","Right-arm legbreak","India","https://h.cricapi.com/img/players/0d704a13-518a-40a7-bb93-0fc0d92af9e2.jpg","Punjab Kings"
"CBA19BE9-7AEC-4083-BA61-26F0AEE31721","Xavier Bartlett","1998-12-17T00:00:00","Bowler","Right Handed Bat","Right-arm fast-medium","Australia","https://h.cricapi.com/img/players/cba19be9-7aec-4083-ba61-26f0aee31721.jpg","Punjab Kings"
"9C777389-34C2-4C49-A2C6-37A2B5082705","Mitchell Owen","2001-09-16T00:00:00","Batting Allrounder","Right Handed Bat","Right-arm medium","Australia","https://h.cricapi.com/img/icon512.png","Punjab Kings"
"604D7C88-4F5D-40D9-B08B-330420964D87","Lockie Ferguson","1991-06-13T00:00:00","Bowler","Right Handed Bat","Right-arm fast","New Zealand","https://h.cricapi.com/img/players/604d7c88-4f5d-40d9-b08b-330420964d87.jpg","Punjab Kings"
"4FF68CF3-D3A7-489F-BF37-4AC233F41A15","Priyansh Arya","2001-09-18T00:00:00","Batsman","Left Handed Bat","Right-arm offbreak","India","https://h.cricapi.com/img/icon512.png","Punjab Kings"
"388B664B-DE80-4290-AB82-420873293B91","Ben Dwarshuis","1994-06-23T00:00:00","Bowler","Left Handed Bat","Left-arm fast-medium","Australia","https://h.cricapi.com/img/players/388b664b-de80-4290-ab82-420873293b91.jpg","Punjab Kings"
"EFF809FC-9841-4825-A89F-381DB15AD0A2","Vijaykumar Vyshak","1997-01-31T00:00:00","Bowler","Right Handed Bat","Right-arm medium","India","https://h.cricapi.com/img/icon512.png","Punjab Kings"
"C510DC77-7E6B-482C-A96D-73EF9398E969","Suryansh Shedge","2003-01-29T00:00:00","Batting Allrounder","Right Handed Bat","Right-arm fast-medium","India","https://h.cricapi.com/img/icon512.png","Punjab Kings"
"9D412BEA-6A7E-4655-8C8B-68F2D9900D98","Musheer Khan","2005-02-27T00:00:00","Batting Allrounder","Right Handed Bat","Left-arm orthodox","India","https://h.cricapi.com/img/icon512.png","Punjab Kings"
"56EC7D07-D0D8-4D25-84DF-64B0B3CE963D","Harnoor Singh","2003-01-30T00:00:00","Batsman","Left Handed Bat","Right-arm legbreak","India","https://h.cricapi.com/img/players/56ec7d07-d0d8-4d25-84df-64b0b3ce963d.jpg","Punjab Kings"
"A15DFADA-704C-42C3-9545-91C332FFCA73","Prabhsimran Singh","2000-08-10T00:00:00","WK-Batsman","Right Handed Bat","","India","https://h.cricapi.com/img/players/a15dfada-704c-42c3-9545-91c332ffca73.jpg","Punjab Kings"
"0E81BAC3-02C3-4219-840A-9B49D937678D","Pyla Avinash","2000-07-07T00:00:00","Batsman","Right Handed Bat","Right-arm fast-medium","India","https://h.cricapi.com/img/icon512.png","Punjab Kings"
"11BEB0E3-9594-4304-B770-9F65B52A5FF9","Praveen Dubey","1993-07-01T00:00:00","Bowling Allrounder","Right Handed Bat","Right-arm legbreak","India","https://h.cricapi.com/img/players/11beb0e3-9594-4304-b770-9f65b52a5ff9.jpg","Punjab Kings"
"11340697-6443-4C3E-AB27-D9D30BA95671","Marcus Stoinis","1989-08-16T00:00:00","Batting Allrounder","Right Handed Bat","Right-arm medium","Australia","https://h.cricapi.com/img/players/11340697-6443-4c3e-ab27-d9d30ba95671.jpg","Punjab Kings"
"E3005322-B01A-4C58-9B26-A2CA150AD1D1","Harpreet Brar","1995-09-16T00:00:00","Bowler","Left Handed Bat","Left-arm orthodox","India","https://h.cricapi.com/img/players/e3005322-b01a-4c58-9b26-a2ca150ad1d1.jpg","Punjab Kings"
"F291CB07-D04B-4F71-B9A0-AD1043B76C84","Yash Thakur","1998-12-28T00:00:00","Bowler","Right Handed Bat","Right-arm fast-medium","India","https://h.cricapi.com/img/icon512.png","Punjab Kings"
"9D6CB002-6B9F-4795-A9BF-EA1A6E27ED08","Shashank Singh","1991-11-21T00:00:00","Batting Allrounder","Right Handed Bat","Right-arm medium","India","https://h.cricapi.com/img/icon512.png","Punjab Kings"
"7C341A4C-D3FA-4054-B95D-F75F94EEE00C","Azmatullah Omarzai","2000-03-24T00:00:00","Bowling Allrounder","Right Handed Bat","Right-arm fast-medium","Afghanistan","https://h.cricapi.com/img/players/7c341a4c-d3fa-4054-b95d-f75f94eee00c.jpg","Punjab Kings"
"40F4E08A-3CF8-43C0-B3D1-F7C85C575A93","Vishal Nishad","2005-04-01T00:00:00","Bowling Allrounder","Right Handed Bat","Right-arm legbreak","India","https://h.cricapi.com/img/icon512.png","Punjab Kings"
"77791963-6C1B-4979-B07A-F910DEE28CD9","Shreyas Iyer","1994-12-06T00:00:00","Batsman","Right Handed Bat","Right-arm legbreak","India","https://h.cricapi.com/img/players/77791963-6c1b-4979-b07a-f910dee28cd9.jpg","Punjab Kings"
"367B54A9-80A5-40F6-BED6-086BBCD90899","Karun Nair","1991-12-06T00:00:00","Batsman","Right Handed Bat","Right-arm offbreak","India","https://h.cricapi.com/img/players/367b54a9-80a5-40f6-bed6-086bbcd90899.jpg","Delhi Capitals"
"BBBF3B4E-DBC3-4F2A-986D-1A0227EA5A06","Pathum Nissanka","1998-05-18T00:00:00","Batsman","Right Handed Bat","","Sri Lanka","https://h.cricapi.com/img/players/bbbf3b4e-dbc3-4f2a-986d-1a0227ea5a06.jpg","Delhi Capitals"
"3EC5F8DA-2054-4EBB-B9BE-2668DDC45E66","Sameer Rizvi","2003-12-06T00:00:00","Batsman","Right Handed Bat","Right-arm offbreak","India","https://h.cricapi.com/img/icon512.png","Delhi Capitals"
"180036FE-FCB5-4FCF-BA8A-28BB2B750CC6","Ben Duckett","1994-10-17T00:00:00","Batsman","Left Handed Bat","Right-arm offbreak","England","https://h.cricapi.com/img/players/180036fe-fcb5-4fcf-ba8a-28bb2b750cc6.jpg","Delhi Capitals"
"A3F40660-CCD6-4360-81AC-237F7FE09926","Madhav Tiwari","2003-09-28T00:00:00","Bowling Allrounder","Right Handed Bat","Right-arm medium","India","https://h.cricapi.com/img/icon512.png","Delhi Capitals"
"670AE8AC-4FE9-4F0C-84EE-320B13039F34","Axar Patel","1994-01-20T00:00:00","Bowling Allrounder","Left Handed Bat","Left-arm orthodox","India","https://h.cricapi.com/img/players/670ae8ac-4fe9-4f0c-84ee-320b13039f34.jpg","Delhi Capitals"
"5673EE27-BF33-44B8-8973-41FD37923FED","Kyle Jamieson","1994-12-30T00:00:00","Bowler","Right Handed Bat","Right-arm fast-medium","New Zealand","https://h.cricapi.com/img/players/5673ee27-bf33-44b8-8973-41fd37923fed.jpg","Delhi Capitals"
"8FABEE3C-244C-4EAD-8F96-2EC79540D33F","Auqib Nabi Dar","1996-11-04T00:00:00","Bowling Allrounder","Right Handed Bat","Right-arm fast-medium","India","https://h.cricapi.com/img/icon512.png","Delhi Capitals"
"9DED3A8D-3008-40F1-A18C-483AF090AAB8","Prithvi Shaw","1999-11-09T00:00:00","Batsman","Right Handed Bat","Right-arm offbreak","India","https://h.cricapi.com/img/players/9ded3a8d-3008-40f1-a18c-483af090aab8.jpg","Delhi Capitals"
"8199E3DA-ACB4-4BAC-AB02-47D7CA004ED2","Abishek Porel","2002-10-17T00:00:00","WK-Batsman","Left Handed Bat","","India","https://h.cricapi.com/img/icon512.png","Delhi Capitals"
"BCEB7084-1DDA-4D76-B691-43C5A29D39A7","Mitchell Starc","1990-01-30T00:00:00","Bowler","Left Handed Bat","Left-arm fast","Australia","https://h.cricapi.com/img/players/bceb7084-1dda-4d76-b691-43c5a29d39a7.jpg","Delhi Capitals"
"014BA4B1-423C-49D3-A6F5-68E6BB90835E","Ajay Jadav Mandal","1996-02-25T00:00:00","Bowling Allrounder","Left Handed Bat","Left-arm orthodox","India","https://h.cricapi.com/img/icon512.png","Delhi Capitals"
"CD5A9124-DB0B-4CF8-B541-4F8830E02C0C","Ashutosh Sharma","1998-09-15T00:00:00","Batting Allrounder","Right Handed Bat","Right-arm medium","India","https://h.cricapi.com/img/icon512.png","Delhi Capitals"
"64360DD6-A8DB-47AE-8837-638A5BBBAAE6","Nitish Rana","1993-12-27T00:00:00","Batsman","Left Handed Bat","Right-arm offbreak","India","https://h.cricapi.com/img/players/64360dd6-a8db-47ae-8837-638a5bbbaae6.jpg","Delhi Capitals"
"A1782393-3479-4CAA-9C27-79CB87DF9ABC","Lungi Ngidi","1996-03-29T00:00:00","Bowler","Right Handed Bat","Right-arm fast","South Africa","https://h.cricapi.com/img/players/a1782393-3479-4caa-9c27-79cb87df9abc.jpg","Delhi Capitals"
"75FB3972-0436-40EE-BF45-73B1DBA7B53E","Dushmantha Chameera","1992-01-11T00:00:00","Bowler","Right Handed Bat","Right-arm fast","Sri Lanka","https://h.cricapi.com/img/players/75fb3972-0436-40ee-bf45-73b1dba7b53e.jpg","Delhi Capitals"
"DE19A93E-06DF-4597-9186-7A53C1613552","Tristan Stubbs","2000-08-14T00:00:00","WK-Batsman","Right Handed Bat","Right-arm offbreak","South Africa","https://h.cricapi.com/img/icon512.png","Delhi Capitals"
"A034346C-B408-4D29-A0F0-8B12430BE28E","KL Rahul","1992-04-18T00:00:00","WK-Batsman","Right Handed Bat","","India","https://h.cricapi.com/img/players/a034346c-b408-4d29-a0f0-8b12430be28e.jpg","Delhi Capitals"
"1E651CFB-57F1-48DA-BF9D-83CBFF1733D1","Kuldeep Yadav","1994-12-14T00:00:00","Bowler","Left Handed Bat","Left-arm wrist-spin","India","https://h.cricapi.com/img/players/1e651cfb-57f1-48da-bf9d-83cbff1733d1.jpg","Delhi Capitals"
"116E2BFB-6A97-4221-8006-8E7DA70B0715","Mukesh Kumar","1993-10-12T00:00:00","Bowler","Right Handed Bat","Right-arm fast-medium","India","https://h.cricapi.com/img/icon512.png","Delhi Capitals"
"C4D4FC79-EFB2-4E26-A575-94C6FC419BF9","Tripurana Vijay","2001-09-05T00:00:00","Batting Allrounder","Right Handed Bat","Right-arm offbreak","India","https://h.cricapi.com/img/icon512.png","Delhi Capitals"
"D8826D0D-EF95-4DCE-A47A-B09B97F49F07","T Natarajan","1991-04-04T00:00:00","Bowler","Left Handed Bat","Left-arm fast-medium","India","https://h.cricapi.com/img/players/d8826d0d-ef95-4dce-a47a-b09b97f49f07.jpg","Delhi Capitals"
"6D4E7D4A-4FAE-4958-BC15-A063C09508EB","Vipraj Nigam","2004-07-28T00:00:00","Bowler","Right Handed Bat","Right-arm legbreak","India","https://h.cricapi.com/img/icon512.png","Delhi Capitals"
"151D6979-05D3-4C1F-AE30-0E58AF0E8613","Ayush Badoni","1999-12-03T00:00:00","Batting Allrounder","Right Handed Bat","Right-arm offbreak","India","https://h.cricapi.com/img/icon512.png","Lucknow Super Giants"
"BA18EA55-4D65-4514-B8DA-C3CC1FC286CE","Sahil Parakh","2007-06-07T00:00:00","--","Left Handed Bat","Right-arm legbreak","India","https://h.cricapi.com/img/icon512.png","Delhi Capitals"
"2F50DF2F-809D-44F9-B5BE-CCB846515861","David Miller","1989-06-10T00:00:00","Batsman","Left Handed Bat","Right-arm offbreak","South Africa","https://h.cricapi.com/img/players/2f50df2f-809d-44f9-b5be-ccb846515861.jpg","Delhi Capitals"
"B75A495D-C399-44CA-B50A-3A9BB8EBDC2C","George Linde","1991-12-04T00:00:00","Batting Allrounder","Left Handed Bat","Left-arm orthodox","South Africa","https://h.cricapi.com/img/icon512.png","Lucknow Super Giants"
"C040878F-3995-444C-A0F2-10A456F6C84D","Josh Inglis","1995-03-04T00:00:00","WK-Batsman","Right Handed Bat","","Australia","https://h.cricapi.com/img/players/c040878f-3995-444c-a0f2-10a456f6c84d.jpg","Lucknow Super Giants"
"6EAAC800-13E7-4A07-8EE2-14ACD04CC53F","Mitchell Marsh","1991-10-20T00:00:00","Batting Allrounder","Right Handed Bat","Right-arm fast-medium","Australia","https://h.cricapi.com/img/players/6eaac800-13e7-4a07-8ee2-14acd04cc53f.jpg","Lucknow Super Giants"
"93EAAABD-7529-44CB-A8C7-52ACD30EA54E","Digvesh Singh Rathi","1999-12-15T00:00:00","Bowler","Right Handed Bat","Right-arm legbreak","India","https://h.cricapi.com/img/icon512.png","Lucknow Super Giants"
"3FEF81B0-C1E9-45EB-954F-519F3B33D640","Aiden Markram","1994-10-04T00:00:00","Batsman","Right Handed Bat","Right-arm offbreak","South Africa","https://h.cricapi.com/img/players/3fef81b0-c1e9-45eb-954f-519f3b33d640.jpg","Lucknow Super Giants"
"63075EFF-1F66-4BF7-923F-5F92EE123283","Manimaran Siddharth","1998-07-03T00:00:00","Bowler","Right Handed Bat","Left-arm orthodox","India","https://h.cricapi.com/img/icon512.png","Lucknow Super Giants"
"BDA09245-1E64-454B-97D4-61EE7E43CDDE","Akash Maharaj Singh","2002-04-26T00:00:00","Bowler","Right Handed Bat","Left-arm fast-medium","India","https://h.cricapi.com/img/icon512.png","Lucknow Super Giants"
"11D06633-AA20-469C-8FBB-676A1AE33EED","Mohammed Shami","1990-09-03T00:00:00","Bowler","Right Handed Bat","Right-arm fast","India","https://h.cricapi.com/img/players/11d06633-aa20-469c-8fbb-676a1ae33eed.jpg","Lucknow Super Giants"
"0A4BB087-EC55-4131-89A1-70F14153DBD9","Mohsin Khan","1998-07-15T00:00:00","Bowler","Left Handed Bat","Left-arm fast-medium","India","https://h.cricapi.com/img/icon512.png","Lucknow Super Giants"
"5F2406EF-F96E-4F60-8529-71D2987FF4E3","Mukul Choudhary","2004-08-06T00:00:00","WK-Batsman","Right Handed Bat","","India","https://h.cricapi.com/img/icon512.png","Lucknow Super Giants"
"596D5A37-CB81-417C-B367-8DD0A281431C","Akshat Raghuwanshi","2003-09-15T00:00:00","Batsman","Right Handed Bat","Right-arm offbreak","India","https://h.cricapi.com/img/icon512.png","Lucknow Super Giants"
"DD665F5D-04E8-436B-B376-8FD2A9B8BF8A","Abdul Samad","2001-10-28T00:00:00","Batting Allrounder","Right Handed Bat","Right-arm legbreak","India","https://h.cricapi.com/img/players/dd665f5d-04e8-436b-b376-8fd2a9b8bf8a.jpg","Lucknow Super Giants"
"A8C7CE67-5862-4ACB-9297-97EAFD0EA3D5","Anrich Nortje","1993-11-16T00:00:00","Bowler","Right Handed Bat","Right-arm fast","South Africa","https://h.cricapi.com/img/players/a8c7ce67-5862-4acb-9297-97eafd0ea3d5.jpg","Lucknow Super Giants"
"EAEA0D44-195D-49C6-B76B-987E8D1AF290","Arshin Kulkarni","2005-02-15T00:00:00","Batting Allrounder","Right Handed Bat","Right-arm fast-medium","India","https://h.cricapi.com/img/icon512.png","Lucknow Super Giants"
"BA4BA8AA-3EBB-431A-83A9-A78844A68E26","Wanindu Hasaranga","1997-07-29T00:00:00","Bowling Allrounder","Right Handed Bat","Right-arm legbreak","Sri Lanka","https://h.cricapi.com/img/players/ba4ba8aa-3ebb-431a-83a9-a78844a68e26.jpg","Lucknow Super Giants"
"38B89162-6FF2-4A91-841D-B1A43A3694E6","Naman Tiwari","2005-11-08T00:00:00","Bowler","Left Handed Bat","Left-arm fast-medium","India","https://h.cricapi.com/img/icon512.png","Lucknow Super Giants"
"332200AD-D1F8-4035-95C5-B33BD1C9A939","Avesh Khan","1996-12-13T00:00:00","Bowler","Right Handed Bat","Right-arm fast","India","https://h.cricapi.com/img/players/332200ad-d1f8-4035-95c5-b33bd1c9a939.jpg","Lucknow Super Giants"
"95BBCA5A-F097-43DC-9A47-BDB85F02FB1A","Mayank Yadav","2002-06-17T00:00:00","Bowler","Right Handed Bat","Right-arm fast","India","https://h.cricapi.com/img/icon512.png","Lucknow Super Giants"
"0528C7F4-51E4-44D9-B723-CC9EAC02A955","Himmat Singh","1996-11-08T00:00:00","Batsman","Right Handed Bat","Right-arm offbreak","India","https://h.cricapi.com/img/icon512.png","Lucknow Super Giants"
"A67A5FEF-C1D6-4264-A6A6-C1984489BD36","Prince Yadav","2001-12-12T00:00:00","Bowler","Right Handed Bat","Right-arm fast","India","https://h.cricapi.com/img/icon512.png","Lucknow Super Giants"
"6CEED869-D2B7-4707-B6FD-CB84419CDA12","Arjun Tendulkar","1999-09-24T00:00:00","Bowling Allrounder","Left Handed Bat","Left-arm fast-medium","India","https://h.cricapi.com/img/players/6ceed869-d2b7-4707-b6fd-cb84419cda12.jpg","Lucknow Super Giants"
"8F4C667C-4BB2-4808-A77B-EBECE70F4273","Shahbaz Ahmed","1994-12-11T00:00:00","Bowling Allrounder","Left Handed Bat","Left-arm orthodox","India","https://h.cricapi.com/img/players/8f4c667c-4bb2-4808-a77b-ebece70f4273.jpg","Lucknow Super Giants"
"4E8AB9CD-C5AF-430E-887B-D22BF74AD052","Nicholas Pooran","1995-10-02T00:00:00","WK-Batsman","Left Handed Bat","Right-arm offbreak","West Indies","https://h.cricapi.com/img/players/4e8ab9cd-c5af-430e-887b-d22bf74ad052.jpg","Lucknow Super Giants"
"B7F8B3F5-1759-43FE-914F-D9DC7F4269E2","Matthew Breetzke","1998-11-03T00:00:00","WK-Batsman","Right Handed Bat","","South Africa","https://h.cricapi.com/img/players/b7f8b3f5-1759-43fe-914f-d9dc7f4269e2.jpg","Lucknow Super Giants"
"A52B2D20-7C98-4238-9BA4-EC78419A5CC2","Rishabh Pant","1997-10-04T00:00:00","WK-Batsman","Left Handed Bat","","India","https://h.cricapi.com/img/players/a52b2d20-7c98-4238-9ba4-ec78419a5cc2.jpg","Lucknow Super Giants"